file	energy	cluster	hb_id	H-bond
md_410k_snap_71.com	-796.6222729582242	0	3	N120-H122_N25,N25-H26_O89,N83-H88_N115,O1-H123_O47,O1-H123_O87
md_410k_snap_69.com	-794.9584413776018	0	4	N120-H122_N25,N25-H26_O89,O1-H123_O87
md_410k_snap_70.com	-794.9175630686949	0	4	N120-H122_N25,N25-H26_O89,O1-H123_O87
md_410k_snap_80.com	-800.5828902763774	0	5	N120-H122_O28,N19-H130_N115
md_410k_snap_68.com	-797.6920454501704	0	9	N120-H122_O28,N19-H130_N115,N19-H130_O119,O1-H123_O87
md_610k_snap_51.com	-795.5446790837314	0	40	N120-H122_O28,N19-H130_N115,N83-H88_N115,O1-H123_O119,O112-H129_O110,O48-H127_O79
md_410k_snap_79.com	-802.8425210290021	0	46	N120-H122_O28,N19-H130_N115,N83-H88_O119,O1-H123_O47
md_610k_snap_45.com	-799.0145587678766	0	47	N120-H122_O28,N19-H130_N115,N83-H88_O119,O1-H123_O48,O110-H126_O112,O48-H127_O79
md_610k_snap_44.com	-799.0114034502648	0	47	N120-H122_O28,N19-H130_N115,N83-H88_O119,O1-H123_O48,O110-H126_O112,O48-H127_O79
md_610k_snap_48.com	-798.1075687163524	0	48	N120-H122_O28,N19-H130_N115,N83-H88_O119,O1-H123_O48,O112-H129_O110,O48-H127_O79
md_610k_snap_47.com	-797.8113419525389	0	48	N120-H122_O28,N19-H130_N115,N83-H88_O119,O1-H123_O48,O112-H129_O110,O48-H127_O79
md_610k_snap_46.com	-797.6933792810462	0	48	N120-H122_O28,N19-H130_N115,N83-H88_O119,O1-H123_O48,O112-H129_O110,O48-H127_O79
md_610k_snap_50.com	-796.5038815560818	0	49	N120-H122_O28,N19-H130_N115,N83-H88_O119,O112-H129_O110,O48-H127_O79
md_610k_snap_49.com	-796.4560959542185	0	49	N120-H122_O28,N19-H130_N115,N83-H88_O119,O112-H129_O110,O48-H127_O79
md_410k_snap_76.com	-804.2931968174815	0	53	N120-H122_O28,N19-H130_N115,O1-H123_O47
md_410k_snap_77.com	-803.7008596398983	0	53	N120-H122_O28,N19-H130_N115,O1-H123_O47
md_410k_snap_78.com	-802.483267980458	0	53	N120-H122_O28,N19-H130_N115,O1-H123_O47
md_410k_snap_60.com	-797.5979816696263	0	75	N19-H130_N115,N83-H88_O1,O1-H123_O119
md_410k_snap_61.com	-795.396318589491	0	75	N19-H130_N115,N83-H88_O1,O1-H123_O119
md_410k_snap_54.com	-795.8435696414585	0	76	N19-H130_N115,N83-H88_O1,O1-H123_O47
md_410k_snap_66.com	-796.2606279163923	0	82	N19-H130_O119,N83-H88_N115,O1-H123_O87
md_410k_snap_53.com	-795.9499584603496	0	83	N19-H130_O119,N83-H88_O1,O1-H123_O47
md_410k_snap_55.com	-795.8631041098195	0	83	N19-H130_O119,N83-H88_O1,O1-H123_O47
md_410k_snap_57.com	-795.5136240869934	0	83	N19-H130_O119,N83-H88_O1,O1-H123_O47
md_410k_snap_72.com	-793.346723872254	0	89	N25-H26_O89,N83-H88_N115,O1-H123_O47,O1-H123_O87
md_610k_snap_52.com	-788.5237346334301	0	95	N83-H88_N115,O1-H123_N115,O1-H123_O119,O112-H129_O110,O48-H127_O79
md_410k_snap_73.com	-794.545486261314	0	98	N83-H88_N115,O1-H123_O47
md_410k_snap_74.com	-794.5398754545479	0	98	N83-H88_N115,O1-H123_O47
md_410k_snap_75.com	-794.2480066966592	0	98	N83-H88_N115,O1-H123_O47
md_410k_snap_65.com	-794.3482885981344	0	99	N83-H88_N115,O1-H123_O87
md_410k_snap_64.com	-794.0996100651056	0	99	N83-H88_N115,O1-H123_O87
md_410k_snap_59.com	-797.6581849126312	0	100	N83-H88_O1
md_410k_snap_58.com	-796.4114402354567	0	100	N83-H88_O1
md_410k_snap_63.com	-790.4898702553339	0	101	N83-H88_O1,O1-H123_N115,O1-H123_O119
md_410k_snap_67.com	-796.6584568590258	0	119	O1-H123_O87
md_410k_snap_62.com	-792.7144775039574	0	119	O1-H123_O87
md_610k_snap_193.com	-821.1666943167612	1	8	N120-H122_O28,N19-H130_N115,N19-H130_O119,N54-H131_O89,O1-H123_O47,O112-H129_O102,O112-H129_O119,O48-H127_O87
md_610k_snap_186.com	-822.0807059462107	1	33	N120-H122_O28,N19-H130_N115,N54-H131_O89,O1-H123_O111,O112-H129_O102,O112-H129_O119,O48-H127_O87
md_610k_snap_188.com	-821.8372156856774	1	33	N120-H122_O28,N19-H130_N115,N54-H131_O89,O1-H123_O111,O112-H129_O102,O112-H129_O119,O48-H127_O87
md_610k_snap_187.com	-821.3142288448656	1	33	N120-H122_O28,N19-H130_N115,N54-H131_O89,O1-H123_O111,O112-H129_O102,O112-H129_O119,O48-H127_O87
md_610k_snap_192.com	-821.164901770776	1	33	N120-H122_O28,N19-H130_N115,N54-H131_O89,O1-H123_O111,O112-H129_O102,O112-H129_O119,O48-H127_O87
md_610k_snap_189.com	-821.0309587560067	1	33	N120-H122_O28,N19-H130_N115,N54-H131_O89,O1-H123_O111,O112-H129_O102,O112-H129_O119,O48-H127_O87
md_610k_snap_191.com	-820.9999378322341	1	33	N120-H122_O28,N19-H130_N115,N54-H131_O89,O1-H123_O111,O112-H129_O102,O112-H129_O119,O48-H127_O87
md_610k_snap_190.com	-820.9883899704744	1	33	N120-H122_O28,N19-H130_N115,N54-H131_O89,O1-H123_O111,O112-H129_O102,O112-H129_O119,O48-H127_O87
md_610k_snap_199.com	-823.1018259693572	1	34	N120-H122_O28,N19-H130_N115,N54-H131_O89,O1-H123_O111,O112-H129_O102,O48-H127_O87
md_610k_snap_184.com	-822.8461029161317	1	34	N120-H122_O28,N19-H130_N115,N54-H131_O89,O1-H123_O111,O112-H129_O102,O48-H127_O87
md_610k_snap_183.com	-822.7008300176265	1	34	N120-H122_O28,N19-H130_N115,N54-H131_O89,O1-H123_O111,O112-H129_O102,O48-H127_O87
md_610k_snap_185.com	-822.5683100826998	1	34	N120-H122_O28,N19-H130_N115,N54-H131_O89,O1-H123_O111,O112-H129_O102,O48-H127_O87
md_610k_snap_200.com	-821.2799849190974	1	34	N120-H122_O28,N19-H130_N115,N54-H131_O89,O1-H123_O111,O112-H129_O102,O48-H127_O87
md_610k_snap_181.com	-820.9642223309265	1	34	N120-H122_O28,N19-H130_N115,N54-H131_O89,O1-H123_O111,O112-H129_O102,O48-H127_O87
md_610k_snap_182.com	-820.4208886132749	1	34	N120-H122_O28,N19-H130_N115,N54-H131_O89,O1-H123_O111,O112-H129_O102,O48-H127_O87
md_610k_snap_195.com	-822.2752033443041	1	35	N120-H122_O28,N19-H130_N115,N54-H131_O89,O1-H123_O47,O112-H129_O102,O112-H129_O119,O48-H127_O87
md_610k_snap_194.com	-821.9741255371325	1	35	N120-H122_O28,N19-H130_N115,N54-H131_O89,O1-H123_O47,O112-H129_O102,O112-H129_O119,O48-H127_O87
md_610k_snap_198.com	-822.837998989025	1	36	N120-H122_O28,N19-H130_N115,N54-H131_O89,O1-H123_O47,O112-H129_O102,O48-H127_O87
md_610k_snap_197.com	-822.7708254021906	1	36	N120-H122_O28,N19-H130_N115,N54-H131_O89,O1-H123_O47,O112-H129_O102,O48-H127_O87
md_610k_snap_196.com	-822.7468349079683	1	36	N120-H122_O28,N19-H130_N115,N54-H131_O89,O1-H123_O47,O112-H129_O102,O48-H127_O87
md_410k_snap_39.com	-784.0585137162574	2	104	N83-H88_O1,O1-H123_O47
md_410k_snap_37.com	-784.0485930924349	2	104	N83-H88_O1,O1-H123_O47
md_410k_snap_38.com	-783.9463118131739	2	104	N83-H88_O1,O1-H123_O47
md_410k_snap_40.com	-783.8445115477424	2	104	N83-H88_O1,O1-H123_O47
md_410k_snap_56.com	-783.8270599516845	2	104	N83-H88_O1,O1-H123_O47
md_410k_snap_41.com	-783.6398845216622	2	104	N83-H88_O1,O1-H123_O47
md_410k_snap_35.com	-783.5272385088663	2	104	N83-H88_O1,O1-H123_O47
md_410k_snap_36.com	-783.5188499293558	2	104	N83-H88_O1,O1-H123_O47
md_410k_snap_44.com	-783.3187737337297	2	104	N83-H88_O1,O1-H123_O47
md_410k_snap_45.com	-783.1040503133609	2	104	N83-H88_O1,O1-H123_O47
md_410k_snap_42.com	-783.0294189753182	2	104	N83-H88_O1,O1-H123_O47
md_410k_snap_43.com	-782.8902797712374	2	104	N83-H88_O1,O1-H123_O47
md_410k_snap_32.com	-782.7958082001469	2	104	N83-H88_O1,O1-H123_O47
md_410k_snap_34.com	-782.7541810420372	2	104	N83-H88_O1,O1-H123_O47
md_410k_snap_33.com	-782.7513061322131	2	104	N83-H88_O1,O1-H123_O47
md_410k_snap_46.com	-782.7063997266386	2	104	N83-H88_O1,O1-H123_O47
md_410k_snap_48.com	-782.5061087978178	2	104	N83-H88_O1,O1-H123_O47
md_410k_snap_50.com	-782.1839513218691	2	104	N83-H88_O1,O1-H123_O47
md_410k_snap_49.com	-781.2627231621876	2	104	N83-H88_O1,O1-H123_O47
md_410k_snap_47.com	-782.6914720807595	2	105	N83-H88_O1,O1-H123_O47,O1-H123_O87
md_410k_snap_52.com	-782.5825193014872	2	105	N83-H88_O1,O1-H123_O47,O1-H123_O87
md_410k_snap_51.com	-782.4978345594394	2	105	N83-H88_O1,O1-H123_O47,O1-H123_O87
md_610k_snap_131.com	-804.2691777522923	3	0	N115-H130_N19,N120-H122_O28,N25-H26_O89,N54-H131_O32,N83-H88_N21,O1-H123_O119,O110-H126_O47,O110-H126_O87
md_610k_snap_125.com	-796.5085699638272	3	14	N120-H122_O28,N19-H130_N115,N25-H26_O89,N54-H131_O32,N83-H88_N21,O1-H123_O119,O110-H126_O47
md_610k_snap_129.com	-805.2251118977426	3	15	N120-H122_O28,N19-H130_N115,N25-H26_O89,N54-H131_O32,N83-H88_N21,O1-H123_O119,O110-H126_O47,O110-H126_O87
md_610k_snap_128.com	-799.4029760330536	3	16	N120-H122_O28,N19-H130_N115,N25-H26_O89,N54-H131_O32,O1-H123_O119,O110-H126_O47
md_610k_snap_130.com	-805.7106827007366	3	17	N120-H122_O28,N19-H130_N115,N25-H26_O89,N54-H131_O32,O1-H123_O119,O110-H126_O47,O110-H126_O87
md_610k_snap_126.com	-800.0701929582624	3	17	N120-H122_O28,N19-H130_N115,N25-H26_O89,N54-H131_O32,O1-H123_O119,O110-H126_O47,O110-H126_O87
md_610k_snap_127.com	-799.1809525244704	3	18	N120-H122_O28,N19-H130_N115,N25-H26_O89,N54-H131_O32,O1-H123_O119,O110-H126_O47,O48-H127_O79
md_610k_snap_134.com	-799.6926102999961	3	29	N120-H122_O28,N19-H130_N115,N54-H131_O32,O1-H123_O119,O110-H126_O47
md_610k_snap_113.com	-806.5596661528836	3	59	N120-H122_O28,N25-H26_O89,N54-H131_O32,N83-H88_N21,O1-H123_O119,O110-H126_O47
md_610k_snap_123.com	-805.3588043057849	3	59	N120-H122_O28,N25-H26_O89,N54-H131_O32,N83-H88_N21,O1-H123_O119,O110-H126_O47
md_610k_snap_120.com	-805.0820766718174	3	59	N120-H122_O28,N25-H26_O89,N54-H131_O32,N83-H88_N21,O1-H123_O119,O110-H126_O47
md_610k_snap_121.com	-804.8289910950032	3	59	N120-H122_O28,N25-H26_O89,N54-H131_O32,N83-H88_N21,O1-H123_O119,O110-H126_O47
md_610k_snap_122.com	-802.1284869962578	3	59	N120-H122_O28,N25-H26_O89,N54-H131_O32,N83-H88_N21,O1-H123_O119,O110-H126_O47
md_610k_snap_124.com	-800.3002917696462	3	60	N120-H122_O28,N25-H26_O89,N54-H131_O32,N83-H88_N21,O1-H123_O119,O110-H126_O47,O48-H127_O79
md_610k_snap_114.com	-805.0949475924324	3	61	N120-H122_O28,N25-H26_O89,N54-H131_O32,N83-H88_O119,O1-H123_O119,O110-H126_O47
md_610k_snap_119.com	-806.7985956765	3	64	N120-H122_O28,N25-H26_O89,N54-H131_O32,O1-H123_O119,O110-H126_O47
md_610k_snap_118.com	-806.0133962117336	3	64	N120-H122_O28,N25-H26_O89,N54-H131_O32,O1-H123_O119,O110-H126_O47
md_610k_snap_116.com	-805.8979470268647	3	64	N120-H122_O28,N25-H26_O89,N54-H131_O32,O1-H123_O119,O110-H126_O47
md_610k_snap_117.com	-805.734810739564	3	64	N120-H122_O28,N25-H26_O89,N54-H131_O32,O1-H123_O119,O110-H126_O47
md_610k_snap_115.com	-804.3927012874686	3	64	N120-H122_O28,N25-H26_O89,N54-H131_O32,O1-H123_O119,O110-H126_O47
md_410k_snap_178.com	-804.797376390317	4	10	N120-H122_O28,N19-H130_N115,N23-H30_O89,N83-H88_O28,O1-H123_O46,O1-H123_O47,O110-H126_O46,O80-H128_O78
md_410k_snap_184.com	-804.3380481488911	4	10	N120-H122_O28,N19-H130_N115,N23-H30_O89,N83-H88_O28,O1-H123_O46,O1-H123_O47,O110-H126_O46,O80-H128_O78
md_410k_snap_188.com	-803.1901407262067	4	11	N120-H122_O28,N19-H130_N115,N23-H30_O89,N83-H88_O28,O1-H123_O47,O110-H126_O46
md_410k_snap_180.com	-803.1347908055545	4	11	N120-H122_O28,N19-H130_N115,N23-H30_O89,N83-H88_O28,O1-H123_O47,O110-H126_O46
md_410k_snap_186.com	-802.9136610642694	4	11	N120-H122_O28,N19-H130_N115,N23-H30_O89,N83-H88_O28,O1-H123_O47,O110-H126_O46
md_410k_snap_182.com	-802.8553593484224	4	11	N120-H122_O28,N19-H130_N115,N23-H30_O89,N83-H88_O28,O1-H123_O47,O110-H126_O46
md_410k_snap_187.com	-802.7582680516539	4	11	N120-H122_O28,N19-H130_N115,N23-H30_O89,N83-H88_O28,O1-H123_O47,O110-H126_O46
md_410k_snap_181.com	-802.5141853763795	4	11	N120-H122_O28,N19-H130_N115,N23-H30_O89,N83-H88_O28,O1-H123_O47,O110-H126_O46
md_410k_snap_185.com	-801.8450599715003	4	11	N120-H122_O28,N19-H130_N115,N23-H30_O89,N83-H88_O28,O1-H123_O47,O110-H126_O46
md_410k_snap_177.com	-805.2477730421554	4	12	N120-H122_O28,N19-H130_N115,N23-H30_O89,N83-H88_O28,O1-H123_O47,O110-H126_O46,O80-H128_O78
md_410k_snap_179.com	-804.6585444978781	4	13	N120-H122_O28,N19-H130_N115,N23-H30_O89,N83-H88_O28,O1-H123_O47,O80-H128_O78
md_410k_snap_183.com	-800.863821486029	4	44	N120-H122_O28,N19-H130_N115,N83-H88_N23,O1-H123_O47,O110-H126_O46
md_410k_snap_189.com	-801.9023813784407	4	50	N120-H122_O28,N19-H130_N115,N83-H88_O28,O1-H123_O47,O110-H126_O46
md_410k_snap_191.com	-800.4272694876722	4	50	N120-H122_O28,N19-H130_N115,N83-H88_O28,O1-H123_O47,O110-H126_O46
md_410k_snap_190.com	-800.187540461287	4	50	N120-H122_O28,N19-H130_N115,N83-H88_O28,O1-H123_O47,O110-H126_O46
md_410k_snap_196.com	-800.957674606909	4	51	N120-H122_O28,N19-H130_N115,O1-H123_O119,O110-H126_O46
md_410k_snap_195.com	-800.694262238787	4	51	N120-H122_O28,N19-H130_N115,O1-H123_O119,O110-H126_O46
md_410k_snap_197.com	-799.6468904348085	4	51	N120-H122_O28,N19-H130_N115,O1-H123_O119,O110-H126_O46
md_410k_snap_167.com	-804.9163899239317	4	52	N120-H122_O28,N19-H130_N115,O1-H123_O46,O1-H123_O47,O80-H128_O110
md_410k_snap_168.com	-803.9421351126738	4	52	N120-H122_O28,N19-H130_N115,O1-H123_O46,O1-H123_O47,O80-H128_O110
md_410k_snap_172.com	-804.4362465085613	4	54	N120-H122_O28,N19-H130_N115,O1-H123_O47,O110-H126_O46
md_410k_snap_173.com	-804.314524167237	4	54	N120-H122_O28,N19-H130_N115,O1-H123_O47,O110-H126_O46
md_410k_snap_199.com	-804.3021480682271	4	54	N120-H122_O28,N19-H130_N115,O1-H123_O47,O110-H126_O46
md_410k_snap_170.com	-804.1848749027797	4	54	N120-H122_O28,N19-H130_N115,O1-H123_O47,O110-H126_O46
md_410k_snap_194.com	-804.0318728675502	4	54	N120-H122_O28,N19-H130_N115,O1-H123_O47,O110-H126_O46
md_410k_snap_171.com	-803.9347102928593	4	54	N120-H122_O28,N19-H130_N115,O1-H123_O47,O110-H126_O46
md_410k_snap_193.com	-802.9675684066119	4	54	N120-H122_O28,N19-H130_N115,O1-H123_O47,O110-H126_O46
md_410k_snap_198.com	-802.2382166396837	4	54	N120-H122_O28,N19-H130_N115,O1-H123_O47,O110-H126_O46
md_410k_snap_192.com	-801.3970483823045	4	54	N120-H122_O28,N19-H130_N115,O1-H123_O47,O110-H126_O46
md_410k_snap_174.com	-804.6103253493526	4	55	N120-H122_O28,N19-H130_N115,O1-H123_O47,O110-H126_O46,O80-H128_O78
md_410k_snap_175.com	-804.49854880477	4	55	N120-H122_O28,N19-H130_N115,O1-H123_O47,O110-H126_O46,O80-H128_O78
md_410k_snap_176.com	-803.6936262256676	4	55	N120-H122_O28,N19-H130_N115,O1-H123_O47,O110-H126_O46,O80-H128_O78
md_410k_snap_169.com	-803.2697218494021	4	57	N120-H122_O28,N19-H130_N115,O1-H123_O47,O80-H128_O110
md_410k_snap_200.com	-802.888990317378	4	71	N120-H122_O28,O1-H123_O47,O110-H126_O46
md_610k_snap_107.com	-808.4513179438478	5	1	N120-H122_N25,N25-H26_O89,N54-H131_O32,N83-H88_N115,O1-H123_O119
md_610k_snap_111.com	-807.6146412835104	5	2	N120-H122_N25,N25-H26_O89,N54-H131_O32,N83-H88_N115,O1-H123_O119,O110-H126_O47
md_610k_snap_108.com	-807.324835462377	5	2	N120-H122_N25,N25-H26_O89,N54-H131_O32,N83-H88_N115,O1-H123_O119,O110-H126_O47
md_610k_snap_109.com	-807.2314959204899	5	2	N120-H122_N25,N25-H26_O89,N54-H131_O32,N83-H88_N115,O1-H123_O119,O110-H126_O47
md_610k_snap_112.com	-804.7669131987722	5	59	N120-H122_O28,N25-H26_O89,N54-H131_O32,N83-H88_N21,O1-H123_O119,O110-H126_O47
md_610k_snap_87.com	-802.8017657912606	5	62	N120-H122_O28,N25-H26_O89,N54-H131_O32,N83-H88_O119,O1-H123_O119,O110-H126_O47,O112-H129_O110,O48-H127_O89,O80-H128_O70
md_610k_snap_88.com	-801.9886224688483	5	63	N120-H122_O28,N25-H26_O89,N54-H131_O32,N83-H88_O119,O1-H123_O119,O110-H126_O47,O112-H129_O110,O80-H128_O70
md_610k_snap_86.com	-807.8453628058539	5	65	N120-H122_O28,N54-H131_O32,N83-H88_O119,O1-H123_O119,O110-H126_O47,O112-H129_O110
md_610k_snap_85.com	-806.0479945420661	5	65	N120-H122_O28,N54-H131_O32,N83-H88_O119,O1-H123_O119,O110-H126_O47,O112-H129_O110
md_610k_snap_90.com	-799.4255584438114	5	66	N120-H122_O28,N54-H131_O32,N83-H88_O119,O1-H123_O119,O110-H126_O47,O112-H129_O110,O48-H127_O87,O80-H128_N81,O80-H128_O70
md_610k_snap_89.com	-801.1225356266411	5	67	N120-H122_O28,N54-H131_O32,N83-H88_O119,O1-H123_O119,O110-H126_O47,O112-H129_O110,O80-H128_O70
md_610k_snap_84.com	-802.6393678577389	5	70	N120-H122_O28,N83-H88_O119,O1-H123_O119,O110-H126_O47,O112-H129_O110
md_610k_snap_96.com	-802.8140693936953	5	72	N120-H122_O89,N25-H27_O89,N54-H131_O32,N83-H88_N115,O1-H123_O119,O110-H126_O47,O112-H129_O110,O48-H127_O87,O80-H128_O70
md_610k_snap_97.com	-802.1589674504704	5	72	N120-H122_O89,N25-H27_O89,N54-H131_O32,N83-H88_N115,O1-H123_O119,O110-H126_O47,O112-H129_O110,O48-H127_O87,O80-H128_O70
md_610k_snap_91.com	-798.62689355847	5	73	N120-H122_O89,N25-H27_O89,N54-H131_O32,N83-H88_N115,O1-H123_O119,O110-H126_O47,O112-H129_O110,O80-H128_N81,O80-H128_O70
md_610k_snap_92.com	-796.6707545987554	5	74	N120-H122_O89,N25-H27_O89,N54-H131_O32,N83-H88_N115,O1-H123_O119,O110-H126_O47,O112-H129_O110,O80-H128_O70
md_610k_snap_94.com	-796.6445471350501	5	74	N120-H122_O89,N25-H27_O89,N54-H131_O32,N83-H88_N115,O1-H123_O119,O110-H126_O47,O112-H129_O110,O80-H128_O70
md_610k_snap_95.com	-796.5945614456821	5	74	N120-H122_O89,N25-H27_O89,N54-H131_O32,N83-H88_N115,O1-H123_O119,O110-H126_O47,O112-H129_O110,O80-H128_O70
md_610k_snap_93.com	-796.5104042932174	5	74	N120-H122_O89,N25-H27_O89,N54-H131_O32,N83-H88_N115,O1-H123_O119,O110-H126_O47,O112-H129_O110,O80-H128_O70
md_610k_snap_100.com	-805.8934251955669	5	84	N25-H26_O89,N25-H27_N115,N54-H131_O32,N83-H88_O119,O1-H123_O119,O110-H126_O47,O112-H129_O110,O48-H127_N83
md_610k_snap_105.com	-807.955731984269	5	85	N25-H26_O89,N54-H131_O32,N83-H88_N115,O1-H123_O119
md_610k_snap_104.com	-807.6109267695092	5	85	N25-H26_O89,N54-H131_O32,N83-H88_N115,O1-H123_O119
md_610k_snap_106.com	-805.7095070128568	5	85	N25-H26_O89,N54-H131_O32,N83-H88_N115,O1-H123_O119
md_610k_snap_110.com	-807.1902804769588	5	86	N25-H26_O89,N54-H131_O32,N83-H88_N115,O1-H123_O119,O110-H126_O47
md_610k_snap_103.com	-806.3216730399619	5	86	N25-H26_O89,N54-H131_O32,N83-H88_N115,O1-H123_O119,O110-H126_O47
md_610k_snap_102.com	-803.3135109303904	5	87	N25-H26_O89,N54-H131_O32,N83-H88_N115,O1-H123_O119,O110-H126_O47,O48-H127_N83
md_610k_snap_101.com	-803.7642948246182	5	88	N25-H26_O89,N54-H131_O32,N83-H88_O119,O1-H123_O119,O110-H126_O47,O48-H127_N83
md_610k_snap_99.com	-801.5188163069382	5	90	N25-H27_N115,N25-H27_O89,N54-H131_O32,N83-H88_N115,N83-H88_O119,O1-H123_O119,O110-H126_O47,O112-H129_O110,O48-H127_O87,O80-H128_N81,O80-H128_O70
md_610k_snap_98.com	-799.3458132389721	5	91	N25-H27_O89,N54-H131_O32,N83-H88_N115,O1-H123_O119,O110-H126_O47,O48-H127_O87,O80-H128_O70
md_610k_snap_27.com	-769.0971348490034	6	102	N83-H88_O1,O1-H123_N83,O48-H127_O64
md_610k_snap_26.com	-776.0524734164567	6	103	N83-H88_O1,O1-H123_N83,O48-H127_O79
md_610k_snap_30.com	-778.5247496872969	6	106	N83-H88_O1,O48-H127_O79
md_610k_snap_28.com	-776.0269969875119	6	106	N83-H88_O1,O48-H127_O79
md_610k_snap_43.com	-781.7995669537177	6	109	N83-H88_O119,O1-H123_O89,O48-H127_O79
md_610k_snap_35.com	-781.375340205668	6	123	O1-H123_O89,O48-H127_O79
md_610k_snap_36.com	-781.1350061979522	6	123	O1-H123_O89,O48-H127_O79
md_610k_snap_37.com	-780.2878860899542	6	123	O1-H123_O89,O48-H127_O79
md_610k_snap_38.com	-780.145189020352	6	123	O1-H123_O89,O48-H127_O79
md_610k_snap_39.com	-779.5104956599306	6	123	O1-H123_O89,O48-H127_O79
md_610k_snap_41.com	-778.2249966137671	6	123	O1-H123_O89,O48-H127_O79
md_610k_snap_40.com	-776.7471828522521	6	123	O1-H123_O89,O48-H127_O79
md_610k_snap_42.com	-772.230504574496	6	123	O1-H123_O89,O48-H127_O79
md_610k_snap_32.com	-773.9545028946626	6	124	O48-H127_O79
md_610k_snap_33.com	-773.1652653708755	6	124	O48-H127_O79
md_610k_snap_34.com	-772.9330279524064	6	124	O48-H127_O79
md_610k_snap_29.com	-772.6368625326492	6	124	O48-H127_O79
md_610k_snap_31.com	-772.3613770823223	6	124	O48-H127_O79
md_410k_snap_90.com	-804.2869615750745	7	37	N120-H122_O28,N19-H130_N115,N83-H88_N115,N83-H88_O119,O1-H123_O119
md_410k_snap_89.com	-804.2690373227706	7	37	N120-H122_O28,N19-H130_N115,N83-H88_N115,N83-H88_O119,O1-H123_O119
md_410k_snap_91.com	-805.9953086350478	7	38	N120-H122_O28,N19-H130_N115,N83-H88_N115,N83-H88_O119,O1-H123_O119,O110-H126_O47
md_410k_snap_81.com	-804.1786787202541	7	39	N120-H122_O28,N19-H130_N115,N83-H88_N115,O1-H123_O119
md_410k_snap_82.com	-804.121198108173	7	39	N120-H122_O28,N19-H130_N115,N83-H88_N115,O1-H123_O119
md_410k_snap_88.com	-804.0945487790976	7	39	N120-H122_O28,N19-H130_N115,N83-H88_N115,O1-H123_O119
md_410k_snap_86.com	-803.99052325346	7	39	N120-H122_O28,N19-H130_N115,N83-H88_N115,O1-H123_O119
md_410k_snap_87.com	-803.9031929051675	7	39	N120-H122_O28,N19-H130_N115,N83-H88_N115,O1-H123_O119
md_410k_snap_84.com	-803.899325444445	7	39	N120-H122_O28,N19-H130_N115,N83-H88_N115,O1-H123_O119
md_410k_snap_85.com	-803.5947488356719	7	39	N120-H122_O28,N19-H130_N115,N83-H88_N115,O1-H123_O119
md_410k_snap_83.com	-803.144054379544	7	39	N120-H122_O28,N19-H130_N115,N83-H88_N115,O1-H123_O119
md_410k_snap_103.com	-806.2044394173812	7	45	N120-H122_O28,N19-H130_N115,N83-H88_O119,O1-H123_O119,O110-H126_O47
md_410k_snap_102.com	-804.7100721740746	7	45	N120-H122_O28,N19-H130_N115,N83-H88_O119,O1-H123_O119,O110-H126_O47
md_410k_snap_96.com	-804.5287871294242	7	45	N120-H122_O28,N19-H130_N115,N83-H88_O119,O1-H123_O119,O110-H126_O47
md_410k_snap_98.com	-804.4609040931192	7	45	N120-H122_O28,N19-H130_N115,N83-H88_O119,O1-H123_O119,O110-H126_O47
md_410k_snap_99.com	-804.4593603832019	7	45	N120-H122_O28,N19-H130_N115,N83-H88_O119,O1-H123_O119,O110-H126_O47
md_410k_snap_93.com	-804.4061403518816	7	45	N120-H122_O28,N19-H130_N115,N83-H88_O119,O1-H123_O119,O110-H126_O47
md_410k_snap_95.com	-804.1913620970009	7	45	N120-H122_O28,N19-H130_N115,N83-H88_O119,O1-H123_O119,O110-H126_O47
md_410k_snap_94.com	-802.8989767807509	7	45	N120-H122_O28,N19-H130_N115,N83-H88_O119,O1-H123_O119,O110-H126_O47
md_410k_snap_100.com	-802.8497828933127	7	45	N120-H122_O28,N19-H130_N115,N83-H88_O119,O1-H123_O119,O110-H126_O47
md_410k_snap_101.com	-802.642856091023	7	45	N120-H122_O28,N19-H130_N115,N83-H88_O119,O1-H123_O119,O110-H126_O47
md_410k_snap_138.com	-800.6250999220018	7	46	N120-H122_O28,N19-H130_N115,N83-H88_O119,O1-H123_O47
md_410k_snap_135.com	-800.1048127681433	7	46	N120-H122_O28,N19-H130_N115,N83-H88_O119,O1-H123_O47
md_410k_snap_136.com	-800.0499262308623	7	46	N120-H122_O28,N19-H130_N115,N83-H88_O119,O1-H123_O47
md_610k_snap_82.com	-801.0790702306414	7	68	N120-H122_O28,N83-H88_N115,N83-H88_O119,O1-H123_O119,O110-H126_O47,O112-H129_O110
md_610k_snap_81.com	-800.567933564106	7	69	N120-H122_O28,N83-H88_N115,O1-H123_O119,O110-H126_O47,O112-H129_O110,O48-H127_N83
md_610k_snap_83.com	-802.7001680010123	7	70	N120-H122_O28,N83-H88_O119,O1-H123_O119,O110-H126_O47,O112-H129_O110
md_410k_snap_113.com	-802.873497744003	7	77	N19-H130_N115,N83-H88_O119,O1-H123_O110,O110-H126_O47
md_410k_snap_112.com	-802.555372313702	7	77	N19-H130_N115,N83-H88_O119,O1-H123_O110,O110-H126_O47
md_410k_snap_104.com	-806.154680373694	7	78	N19-H130_N115,N83-H88_O119,O1-H123_O119,O110-H126_O47
md_410k_snap_107.com	-805.7177866635558	7	78	N19-H130_N115,N83-H88_O119,O1-H123_O119,O110-H126_O47
md_410k_snap_110.com	-805.1147178179892	7	78	N19-H130_N115,N83-H88_O119,O1-H123_O119,O110-H126_O47
md_410k_snap_105.com	-805.067178633175	7	78	N19-H130_N115,N83-H88_O119,O1-H123_O119,O110-H126_O47
md_410k_snap_106.com	-805.0530195954086	7	78	N19-H130_N115,N83-H88_O119,O1-H123_O119,O110-H126_O47
md_410k_snap_111.com	-804.8192408168247	7	78	N19-H130_N115,N83-H88_O119,O1-H123_O119,O110-H126_O47
md_410k_snap_92.com	-804.7840226628283	7	78	N19-H130_N115,N83-H88_O119,O1-H123_O119,O110-H126_O47
md_410k_snap_125.com	-804.7108169555552	7	78	N19-H130_N115,N83-H88_O119,O1-H123_O119,O110-H126_O47
md_410k_snap_124.com	-804.6189840295193	7	78	N19-H130_N115,N83-H88_O119,O1-H123_O119,O110-H126_O47
md_410k_snap_122.com	-804.5829446241437	7	78	N19-H130_N115,N83-H88_O119,O1-H123_O119,O110-H126_O47
md_410k_snap_123.com	-804.4918417521731	7	78	N19-H130_N115,N83-H88_O119,O1-H123_O119,O110-H126_O47
md_410k_snap_97.com	-804.3071644077492	7	78	N19-H130_N115,N83-H88_O119,O1-H123_O119,O110-H126_O47
md_410k_snap_108.com	-804.2522860484182	7	78	N19-H130_N115,N83-H88_O119,O1-H123_O119,O110-H126_O47
md_410k_snap_109.com	-803.527512130686	7	78	N19-H130_N115,N83-H88_O119,O1-H123_O119,O110-H126_O47
md_410k_snap_121.com	-801.0548366046232	7	78	N19-H130_N115,N83-H88_O119,O1-H123_O119,O110-H126_O47
md_410k_snap_119.com	-800.5652638903152	7	78	N19-H130_N115,N83-H88_O119,O1-H123_O119,O110-H126_O47
md_410k_snap_120.com	-800.0823402190665	7	78	N19-H130_N115,N83-H88_O119,O1-H123_O119,O110-H126_O47
md_410k_snap_114.com	-801.3760975982733	7	79	N19-H130_N115,N83-H88_O119,O1-H123_O15,O110-H126_O47
md_410k_snap_118.com	-801.3625763742716	7	79	N19-H130_N115,N83-H88_O119,O1-H123_O15,O110-H126_O47
md_410k_snap_133.com	-803.9655209870213	7	80	N19-H130_N115,N83-H88_O119,O1-H123_O47
md_410k_snap_131.com	-803.1155265625841	7	80	N19-H130_N115,N83-H88_O119,O1-H123_O47
md_410k_snap_130.com	-803.1008204926477	7	80	N19-H130_N115,N83-H88_O119,O1-H123_O47
md_410k_snap_132.com	-803.0183741063316	7	80	N19-H130_N115,N83-H88_O119,O1-H123_O47
md_410k_snap_129.com	-802.936734995968	7	80	N19-H130_N115,N83-H88_O119,O1-H123_O47
md_410k_snap_128.com	-801.796968511042	7	80	N19-H130_N115,N83-H88_O119,O1-H123_O47
md_410k_snap_134.com	-800.9270099840822	7	80	N19-H130_N115,N83-H88_O119,O1-H123_O47
md_410k_snap_137.com	-800.8941539680831	7	80	N19-H130_N115,N83-H88_O119,O1-H123_O47
md_410k_snap_127.com	-799.8765478462996	7	80	N19-H130_N115,N83-H88_O119,O1-H123_O47
md_410k_snap_126.com	-799.3256208244011	7	80	N19-H130_N115,N83-H88_O119,O1-H123_O47
md_410k_snap_115.com	-800.1650349397551	7	81	N19-H130_N115,N83-H88_O119,O110-H126_O47
md_410k_snap_117.com	-798.7365821812373	7	81	N19-H130_N115,N83-H88_O119,O110-H126_O47
md_410k_snap_116.com	-798.6479975450593	7	81	N19-H130_N115,N83-H88_O119,O110-H126_O47
md_610k_snap_66.com	-800.8754179682597	8	92	N83-H88_N115,N83-H88_O119,O1-H123_O119,O110-H126_O47,O112-H129_O110
md_610k_snap_62.com	-800.3774137390992	8	92	N83-H88_N115,N83-H88_O119,O1-H123_O119,O110-H126_O47,O112-H129_O110
md_610k_snap_64.com	-800.3082259082157	8	92	N83-H88_N115,N83-H88_O119,O1-H123_O119,O110-H126_O47,O112-H129_O110
md_610k_snap_63.com	-800.2439553563958	8	92	N83-H88_N115,N83-H88_O119,O1-H123_O119,O110-H126_O47,O112-H129_O110
md_610k_snap_69.com	-799.6636521779659	8	92	N83-H88_N115,N83-H88_O119,O1-H123_O119,O110-H126_O47,O112-H129_O110
md_610k_snap_59.com	-798.8564351030963	8	93	N83-H88_N115,N83-H88_O119,O1-H123_O119,O110-H126_O47,O112-H129_O110,O48-H127_N81
md_610k_snap_57.com	-791.0482955091683	8	94	N83-H88_N115,N83-H88_O119,O1-H123_O119,O112-H129_O110,O48-H127_N81
md_610k_snap_55.com	-790.457680601283	8	94	N83-H88_N115,N83-H88_O119,O1-H123_O119,O112-H129_O110,O48-H127_N81
md_610k_snap_56.com	-790.352559364757	8	94	N83-H88_N115,N83-H88_O119,O1-H123_O119,O112-H129_O110,O48-H127_N81
md_610k_snap_53.com	-788.274821570202	8	95	N83-H88_N115,O1-H123_N115,O1-H123_O119,O112-H129_O110,O48-H127_O79
md_610k_snap_79.com	-792.8557066770533	8	96	N83-H88_N115,O1-H123_O119,O110-H126_O47,O112-H129_O110,O48-H127_N83
md_610k_snap_76.com	-792.6812864418852	8	96	N83-H88_N115,O1-H123_O119,O110-H126_O47,O112-H129_O110,O48-H127_N83
md_610k_snap_77.com	-792.6383635489161	8	96	N83-H88_N115,O1-H123_O119,O110-H126_O47,O112-H129_O110,O48-H127_N83
md_610k_snap_78.com	-792.5184864779244	8	96	N83-H88_N115,O1-H123_O119,O110-H126_O47,O112-H129_O110,O48-H127_N83
md_610k_snap_80.com	-789.0147949352922	8	96	N83-H88_N115,O1-H123_O119,O110-H126_O47,O112-H129_O110,O48-H127_N83
md_610k_snap_54.com	-788.7738229474105	8	97	N83-H88_N115,O1-H123_O119,O112-H129_O110,O48-H127_N81
md_610k_snap_75.com	-796.3066482664507	8	107	N83-H88_O119,O1-H123_O119,O110-H126_O47
md_610k_snap_70.com	-800.9335301707022	8	108	N83-H88_O119,O1-H123_O119,O110-H126_O47,O112-H129_O110
md_610k_snap_67.com	-800.8807545076556	8	108	N83-H88_O119,O1-H123_O119,O110-H126_O47,O112-H129_O110
md_610k_snap_58.com	-800.8705093881874	8	108	N83-H88_O119,O1-H123_O119,O110-H126_O47,O112-H129_O110
md_610k_snap_68.com	-800.6761349518164	8	108	N83-H88_O119,O1-H123_O119,O110-H126_O47,O112-H129_O110
md_610k_snap_60.com	-800.3961404270103	8	108	N83-H88_O119,O1-H123_O119,O110-H126_O47,O112-H129_O110
md_610k_snap_65.com	-800.0438650023591	8	108	N83-H88_O119,O1-H123_O119,O110-H126_O47,O112-H129_O110
md_610k_snap_61.com	-799.4578836753636	8	108	N83-H88_O119,O1-H123_O119,O110-H126_O47,O112-H129_O110
md_610k_snap_72.com	-798.5610331917279	8	108	N83-H88_O119,O1-H123_O119,O110-H126_O47,O112-H129_O110
md_610k_snap_73.com	-798.5606815662616	8	108	N83-H88_O119,O1-H123_O119,O110-H126_O47,O112-H129_O110
md_610k_snap_71.com	-797.9964026368681	8	108	N83-H88_O119,O1-H123_O119,O110-H126_O47,O112-H129_O110
md_610k_snap_74.com	-794.2577365587067	8	108	N83-H88_O119,O1-H123_O119,O110-H126_O47,O112-H129_O110
md_610k_snap_8.com	-786.1374911579146	9	111	N83-H88_O47,O1-H123_O89,O110-H126_O47,O110-H126_O87,O48-H127_O79
md_610k_snap_7.com	-785.4151878132498	9	112	N83-H88_O47,O1-H123_O89,O110-H126_O87,O48-H127_O79
md_610k_snap_11.com	-784.2646480068671	9	112	N83-H88_O47,O1-H123_O89,O110-H126_O87,O48-H127_O79
md_610k_snap_4.com	-777.6293409929463	9	113	N83-H88_O47,O1-H123_O89,O48-H127_O79
md_610k_snap_24.com	-779.629348822994	9	114	O1-H123_N83,O1-H123_O89
md_610k_snap_22.com	-781.3144433860163	9	115	O1-H123_N83,O1-H123_O89,O110-H126_O87
md_610k_snap_23.com	-781.2041511371673	9	115	O1-H123_N83,O1-H123_O89,O110-H126_O87
md_610k_snap_25.com	-774.5741006202595	9	116	O1-H123_N83,O1-H123_O89,O48-H127_O79
md_610k_snap_19.com	-782.150672302466	9	121	O1-H123_O89,O110-H126_O87
md_610k_snap_21.com	-781.3574600027351	9	121	O1-H123_O89,O110-H126_O87
md_610k_snap_20.com	-781.0868720591278	9	121	O1-H123_O89,O110-H126_O87
md_610k_snap_6.com	-778.741373390356	9	121	O1-H123_O89,O110-H126_O87
md_610k_snap_18.com	-779.7492655100363	9	122	O1-H123_O89,O110-H126_O87,O48-H127_O79
md_610k_snap_12.com	-779.4235890812053	9	122	O1-H123_O89,O110-H126_O87,O48-H127_O79
md_610k_snap_15.com	-779.0137606573867	9	122	O1-H123_O89,O110-H126_O87,O48-H127_O79
md_610k_snap_13.com	-778.9074620246682	9	122	O1-H123_O89,O110-H126_O87,O48-H127_O79
md_610k_snap_16.com	-778.7144755520961	9	122	O1-H123_O89,O110-H126_O87,O48-H127_O79
md_610k_snap_14.com	-778.7050709401123	9	122	O1-H123_O89,O110-H126_O87,O48-H127_O79
md_610k_snap_17.com	-777.2285752308205	9	122	O1-H123_O89,O110-H126_O87,O48-H127_O79
md_610k_snap_5.com	-777.1519519352184	9	122	O1-H123_O89,O110-H126_O87,O48-H127_O79
md_610k_snap_9.com	-781.8056712447103	9	123	O1-H123_O89,O48-H127_O79
md_610k_snap_10.com	-774.84758826198	9	123	O1-H123_O89,O48-H127_O79
md_610k_snap_137.com	-795.562108160468	10	20	N120-H122_O28,N19-H130_N115,N54-H131_O32,N83-H88_O48,O1-H123_O119,O110-H126_O47,O48-H127_N83,O48-H127_O89,O80-H128_O70
md_610k_snap_135.com	-795.4903435384635	10	20	N120-H122_O28,N19-H130_N115,N54-H131_O32,N83-H88_O48,O1-H123_O119,O110-H126_O47,O48-H127_N83,O48-H127_O89,O80-H128_O70
md_610k_snap_136.com	-795.4437088590983	10	20	N120-H122_O28,N19-H130_N115,N54-H131_O32,N83-H88_O48,O1-H123_O119,O110-H126_O47,O48-H127_N83,O48-H127_O89,O80-H128_O70
md_610k_snap_139.com	-798.8410373502331	10	21	N120-H122_O28,N19-H130_N115,N54-H131_O32,N83-H88_O48,O1-H123_O119,O110-H126_O78,O48-H127_O89,O80-H128_O70
md_610k_snap_144.com	-796.7565831284949	10	22	N120-H122_O28,N19-H130_N115,N54-H131_O32,N83-H88_O48,O1-H123_O119,O112-H129_O110,O48-H127_O89,O80-H128_O70
md_610k_snap_143.com	-793.9162638235086	10	22	N120-H122_O28,N19-H130_N115,N54-H131_O32,N83-H88_O48,O1-H123_O119,O112-H129_O110,O48-H127_O89,O80-H128_O70
md_610k_snap_138.com	-796.827036456199	10	23	N120-H122_O28,N19-H130_N115,N54-H131_O32,N83-H88_O48,O1-H123_O119,O48-H127_O89,O80-H128_O70
md_610k_snap_132.com	-791.0775505331497	10	28	N120-H122_O28,N19-H130_N115,N54-H131_O32,O1-H123_O119,O110-H126_O1,O80-H128_O70
md_610k_snap_133.com	-792.7342396146619	10	30	N120-H122_O28,N19-H130_N115,N54-H131_O32,O1-H123_O119,O110-H126_O47,O80-H128_O70
md_610k_snap_141.com	-797.0577885747374	10	31	N120-H122_O28,N19-H130_N115,N54-H131_O32,O1-H123_O119,O48-H127_N83,O48-H127_O89,O80-H128_O70
md_610k_snap_142.com	-797.002080388114	10	31	N120-H122_O28,N19-H130_N115,N54-H131_O32,O1-H123_O119,O48-H127_N83,O48-H127_O89,O80-H128_O70
md_610k_snap_140.com	-796.7661340240843	10	31	N120-H122_O28,N19-H130_N115,N54-H131_O32,O1-H123_O119,O48-H127_N83,O48-H127_O89,O80-H128_O70
md_610k_snap_146.com	-796.2132989637942	10	31	N120-H122_O28,N19-H130_N115,N54-H131_O32,O1-H123_O119,O48-H127_N83,O48-H127_O89,O80-H128_O70
md_610k_snap_145.com	-796.1335935139805	10	32	N120-H122_O28,N19-H130_N115,N54-H131_O32,O1-H123_O119,O48-H127_O89,O80-H128_O70
md_610k_snap_147.com	-794.6545440766712	10	32	N120-H122_O28,N19-H130_N115,N54-H131_O32,O1-H123_O119,O48-H127_O89,O80-H128_O70
md_410k_snap_162.com	-801.903541813006	11	41	N120-H122_O28,N19-H130_N115,N83-H88_N115,O1-H123_O47
md_410k_snap_163.com	-801.6081756695849	11	41	N120-H122_O28,N19-H130_N115,N83-H88_N115,O1-H123_O47
md_410k_snap_164.com	-801.3421879392056	11	41	N120-H122_O28,N19-H130_N115,N83-H88_N115,O1-H123_O47
md_410k_snap_145.com	-799.460794227328	11	41	N120-H122_O28,N19-H130_N115,N83-H88_N115,O1-H123_O47
md_410k_snap_149.com	-798.8121268354097	11	41	N120-H122_O28,N19-H130_N115,N83-H88_N115,O1-H123_O47
md_410k_snap_141.com	-807.0828670078411	11	42	N120-H122_O28,N19-H130_N115,N83-H88_N115,O1-H123_O47,O48-H127_N81
md_410k_snap_157.com	-803.601294919299	11	43	N120-H122_O28,N19-H130_N115,N83-H88_N115,O1-H123_O47,O48-H127_O70
md_410k_snap_158.com	-803.4432590823815	11	43	N120-H122_O28,N19-H130_N115,N83-H88_N115,O1-H123_O47,O48-H127_O70
md_410k_snap_156.com	-801.7866920813844	11	43	N120-H122_O28,N19-H130_N115,N83-H88_N115,O1-H123_O47,O48-H127_O70
md_410k_snap_148.com	-801.149829313605	11	43	N120-H122_O28,N19-H130_N115,N83-H88_N115,O1-H123_O47,O48-H127_O70
md_410k_snap_155.com	-801.1446523419426	11	43	N120-H122_O28,N19-H130_N115,N83-H88_N115,O1-H123_O47,O48-H127_O70
md_410k_snap_153.com	-801.1279322998051	11	43	N120-H122_O28,N19-H130_N115,N83-H88_N115,O1-H123_O47,O48-H127_O70
md_410k_snap_152.com	-800.9981842837888	11	43	N120-H122_O28,N19-H130_N115,N83-H88_N115,O1-H123_O47,O48-H127_O70
md_410k_snap_154.com	-800.5660836307648	11	43	N120-H122_O28,N19-H130_N115,N83-H88_N115,O1-H123_O47,O48-H127_O70
md_410k_snap_151.com	-799.7431296004993	11	43	N120-H122_O28,N19-H130_N115,N83-H88_N115,O1-H123_O47,O48-H127_O70
md_410k_snap_142.com	-806.3453240001597	11	53	N120-H122_O28,N19-H130_N115,O1-H123_O47
md_410k_snap_160.com	-803.7204506239818	11	53	N120-H122_O28,N19-H130_N115,O1-H123_O47
md_410k_snap_159.com	-803.6404535943564	11	53	N120-H122_O28,N19-H130_N115,O1-H123_O47
md_410k_snap_166.com	-802.1362373430933	11	53	N120-H122_O28,N19-H130_N115,O1-H123_O47
md_410k_snap_161.com	-801.9323444468653	11	53	N120-H122_O28,N19-H130_N115,O1-H123_O47
md_410k_snap_165.com	-801.4039891348441	11	53	N120-H122_O28,N19-H130_N115,O1-H123_O47
md_410k_snap_147.com	-800.2383605571484	11	53	N120-H122_O28,N19-H130_N115,O1-H123_O47
md_410k_snap_139.com	-799.9443582956025	11	53	N120-H122_O28,N19-H130_N115,O1-H123_O47
md_410k_snap_140.com	-797.0060037537781	11	53	N120-H122_O28,N19-H130_N115,O1-H123_O47
md_410k_snap_150.com	-800.729071545945	11	56	N120-H122_O28,N19-H130_N115,O1-H123_O47,O48-H127_O70
md_410k_snap_143.com	-803.1080128289641	11	58	N120-H122_O28,N19-H130_N115,O1-H123_O47,O80-H128_O70
md_410k_snap_146.com	-802.769949335507	11	58	N120-H122_O28,N19-H130_N115,O1-H123_O47,O80-H128_O70
md_410k_snap_144.com	-800.2555444206859	11	58	N120-H122_O28,N19-H130_N115,O1-H123_O47,O80-H128_O70
md_410k_snap_11.com	-781.3283933616261	12	110	N83-H88_O47,O1-H123_O47,O48-H127_O79
md_410k_snap_9.com	-781.1706284214313	12	110	N83-H88_O47,O1-H123_O47,O48-H127_O79
md_410k_snap_7.com	-781.1281523221543	12	110	N83-H88_O47,O1-H123_O47,O48-H127_O79
md_410k_snap_8.com	-780.979938619946	12	110	N83-H88_O47,O1-H123_O47,O48-H127_O79
md_410k_snap_10.com	-780.9489696946176	12	110	N83-H88_O47,O1-H123_O47,O48-H127_O79
md_410k_snap_5.com	-780.2577661129934	12	110	N83-H88_O47,O1-H123_O47,O48-H127_O79
md_410k_snap_3.com	-782.535557808367	12	113	N83-H88_O47,O1-H123_O89,O48-H127_O79
md_410k_snap_2.com	-782.4199135755441	12	113	N83-H88_O47,O1-H123_O89,O48-H127_O79
md_410k_snap_4.com	-782.4070105981242	12	113	N83-H88_O47,O1-H123_O89,O48-H127_O79
md_610k_snap_2.com	-781.9875505390128	12	113	N83-H88_O47,O1-H123_O89,O48-H127_O79
md_410k_snap_1.com	-781.6799834194464	12	113	N83-H88_O47,O1-H123_O89,O48-H127_O79
md_610k_snap_1.com	-781.6799834194464	12	113	N83-H88_O47,O1-H123_O89,O48-H127_O79
md_610k_snap_3.com	-777.6872346265538	12	113	N83-H88_O47,O1-H123_O89,O48-H127_O79
md_410k_snap_14.com	-781.0287326388606	12	117	O1-H123_O47,O1-H123_O89,O48-H127_O79
md_410k_snap_12.com	-781.4244956961304	12	118	O1-H123_O47,O48-H127_O79
md_410k_snap_6.com	-779.814805163274	12	118	O1-H123_O47,O48-H127_O79
md_410k_snap_13.com	-779.6090381273499	12	118	O1-H123_O47,O48-H127_O79
md_410k_snap_30.com	-783.5291486840821	12	120	O1-H123_O89
md_410k_snap_27.com	-783.0181356262342	12	120	O1-H123_O89
md_410k_snap_31.com	-782.731132238567	12	120	O1-H123_O89
md_410k_snap_28.com	-782.330555493207	12	120	O1-H123_O89
md_410k_snap_29.com	-782.1434639717971	12	120	O1-H123_O89
md_410k_snap_24.com	-782.1020120735267	12	120	O1-H123_O89
md_410k_snap_25.com	-782.0742694242381	12	120	O1-H123_O89
md_410k_snap_26.com	-782.0514314729847	12	120	O1-H123_O89
md_410k_snap_17.com	-782.0249507822548	12	120	O1-H123_O89
md_410k_snap_16.com	-781.6698700247554	12	120	O1-H123_O89
md_410k_snap_19.com	-781.6501929056392	12	120	O1-H123_O89
md_410k_snap_20.com	-781.6326409143895	12	120	O1-H123_O89
md_410k_snap_18.com	-781.6266345617986	12	120	O1-H123_O89
md_410k_snap_22.com	-781.4193020194734	12	120	O1-H123_O89
md_410k_snap_23.com	-781.3889790023289	12	120	O1-H123_O89
md_410k_snap_21.com	-780.274508120535	12	120	O1-H123_O89
md_410k_snap_15.com	-777.1301685329519	12	123	O1-H123_O89,O48-H127_O79
md_610k_snap_169.com	-809.8611017551711	13	6	N120-H122_O28,N19-H130_N115,N19-H130_O119,N54-H131_O32,O1-H123_O111,O112-H129_O102,O112-H129_O119,O48-H127_N83
md_610k_snap_159.com	-803.8829663842557	13	7	N120-H122_O28,N19-H130_N115,N19-H130_O119,N54-H131_O32,O1-H123_O111,O112-H129_O102,O48-H127_O87,O80-H128_N81,O80-H128_O70
md_610k_snap_148.com	-793.4405707088404	13	19	N120-H122_O28,N19-H130_N115,N54-H131_O32,N83-H88_O48,O1-H123_O111,O48-H127_N83,O80-H128_O70
md_610k_snap_149.com	-809.2527755038956	13	24	N120-H122_O28,N19-H130_N115,N54-H131_O32,O1-H123_O111,O112-H129_N113,O112-H129_O102,O48-H127_O87,O80-H128_N81,O80-H128_O70
md_610k_snap_150.com	-808.9979105432378	13	24	N120-H122_O28,N19-H130_N115,N54-H131_O32,O1-H123_O111,O112-H129_N113,O112-H129_O102,O48-H127_O87,O80-H128_N81,O80-H128_O70
md_610k_snap_166.com	-819.3922690617273	13	25	N120-H122_O28,N19-H130_N115,N54-H131_O32,O1-H123_O111,O112-H129_O102,O112-H129_O119,O48-H127_O87
md_610k_snap_168.com	-819.0925818890153	13	25	N120-H122_O28,N19-H130_N115,N54-H131_O32,O1-H123_O111,O112-H129_O102,O112-H129_O119,O48-H127_O87
md_610k_snap_174.com	-818.7547982102884	13	25	N120-H122_O28,N19-H130_N115,N54-H131_O32,O1-H123_O111,O112-H129_O102,O112-H129_O119,O48-H127_O87
md_610k_snap_172.com	-818.685948422967	13	25	N120-H122_O28,N19-H130_N115,N54-H131_O32,O1-H123_O111,O112-H129_O102,O112-H129_O119,O48-H127_O87
md_610k_snap_173.com	-818.6833899203868	13	25	N120-H122_O28,N19-H130_N115,N54-H131_O32,O1-H123_O111,O112-H129_O102,O112-H129_O119,O48-H127_O87
md_610k_snap_171.com	-818.3381618577533	13	25	N120-H122_O28,N19-H130_N115,N54-H131_O32,O1-H123_O111,O112-H129_O102,O112-H129_O119,O48-H127_O87
md_610k_snap_167.com	-818.2909496567054	13	25	N120-H122_O28,N19-H130_N115,N54-H131_O32,O1-H123_O111,O112-H129_O102,O112-H129_O119,O48-H127_O87
md_610k_snap_163.com	-820.8605321801142	13	26	N120-H122_O28,N19-H130_N115,N54-H131_O32,O1-H123_O111,O112-H129_O102,O48-H127_O87
md_610k_snap_162.com	-820.8443853022126	13	26	N120-H122_O28,N19-H130_N115,N54-H131_O32,O1-H123_O111,O112-H129_O102,O48-H127_O87
md_610k_snap_164.com	-819.5781811839023	13	26	N120-H122_O28,N19-H130_N115,N54-H131_O32,O1-H123_O111,O112-H129_O102,O48-H127_O87
md_610k_snap_165.com	-819.5550251910577	13	26	N120-H122_O28,N19-H130_N115,N54-H131_O32,O1-H123_O111,O112-H129_O102,O48-H127_O87
md_610k_snap_179.com	-819.4756639533551	13	26	N120-H122_O28,N19-H130_N115,N54-H131_O32,O1-H123_O111,O112-H129_O102,O48-H127_O87
md_610k_snap_180.com	-819.1046030401136	13	26	N120-H122_O28,N19-H130_N115,N54-H131_O32,O1-H123_O111,O112-H129_O102,O48-H127_O87
md_610k_snap_170.com	-819.0641947519749	13	26	N120-H122_O28,N19-H130_N115,N54-H131_O32,O1-H123_O111,O112-H129_O102,O48-H127_O87
md_610k_snap_177.com	-815.8087916517221	13	26	N120-H122_O28,N19-H130_N115,N54-H131_O32,O1-H123_O111,O112-H129_O102,O48-H127_O87
md_610k_snap_178.com	-815.7504810841816	13	26	N120-H122_O28,N19-H130_N115,N54-H131_O32,O1-H123_O111,O112-H129_O102,O48-H127_O87
md_610k_snap_176.com	-815.7103392086165	13	26	N120-H122_O28,N19-H130_N115,N54-H131_O32,O1-H123_O111,O112-H129_O102,O48-H127_O87
md_610k_snap_175.com	-815.7065807373674	13	26	N120-H122_O28,N19-H130_N115,N54-H131_O32,O1-H123_O111,O112-H129_O102,O48-H127_O87
md_610k_snap_157.com	-815.1014612414197	13	26	N120-H122_O28,N19-H130_N115,N54-H131_O32,O1-H123_O111,O112-H129_O102,O48-H127_O87
md_610k_snap_161.com	-813.5791334158047	13	26	N120-H122_O28,N19-H130_N115,N54-H131_O32,O1-H123_O111,O112-H129_O102,O48-H127_O87
md_610k_snap_158.com	-812.3206742696481	13	26	N120-H122_O28,N19-H130_N115,N54-H131_O32,O1-H123_O111,O112-H129_O102,O48-H127_O87
md_610k_snap_160.com	-812.1051262742825	13	26	N120-H122_O28,N19-H130_N115,N54-H131_O32,O1-H123_O111,O112-H129_O102,O48-H127_O87
md_610k_snap_151.com	-809.2717681325439	13	27	N120-H122_O28,N19-H130_N115,N54-H131_O32,O1-H123_O111,O112-H129_O102,O48-H127_O87,O80-H128_N81,O80-H128_O70
md_610k_snap_152.com	-808.535651197661	13	27	N120-H122_O28,N19-H130_N115,N54-H131_O32,O1-H123_O111,O112-H129_O102,O48-H127_O87,O80-H128_N81,O80-H128_O70
md_610k_snap_153.com	-808.1377586786372	13	27	N120-H122_O28,N19-H130_N115,N54-H131_O32,O1-H123_O111,O112-H129_O102,O48-H127_O87,O80-H128_N81,O80-H128_O70
md_610k_snap_154.com	-807.9037984041055	13	27	N120-H122_O28,N19-H130_N115,N54-H131_O32,O1-H123_O111,O112-H129_O102,O48-H127_O87,O80-H128_N81,O80-H128_O70
md_610k_snap_155.com	-807.4894679324683	13	27	N120-H122_O28,N19-H130_N115,N54-H131_O32,O1-H123_O111,O112-H129_O102,O48-H127_O87,O80-H128_N81,O80-H128_O70
md_610k_snap_156.com	-806.6114526208438	13	27	N120-H122_O28,N19-H130_N115,N54-H131_O32,O1-H123_O111,O112-H129_O102,O48-H127_O87,O80-H128_N81,O80-H128_O70
